{"inputUnits":[34],"outputUnits":3,"inputs":{"0":{"dtype":"number","min":509.35727362976667,"max":541.6915673447398},"1":{"dtype":"number","min":8.167837637442119,"max":103.561126530519},"2":{"dtype":"number","min":524.3169124967638,"max":555.40173060248},"3":{"dtype":"number","min":-8.008834511680675,"max":85.8014487104806},"4":{"dtype":"number","min":499.2511854859588,"max":529.3802671079283},"5":{"dtype":"number","min":-5.184888932672436,"max":90.79083240055434},"6":{"dtype":"number","min":569.4178067034447,"max":578.8603070651346},"7":{"dtype":"number","min":-15.393461409600377,"max":79.33934206153913},"8":{"dtype":"number","min":494.227584035773,"max":516.1963904903181},"9":{"dtype":"number","min":-3.0414017645704234,"max":87.25551612660666},"10":{"dtype":"number","min":617.4374348006518,"max":632.2393465692769},"11":{"dtype":"number","min":59.39999229029604,"max":158.78243805139846},"12":{"dtype":"number","min":490.47714739050315,"max":500.53102251614274},"13":{"dtype":"number","min":61.54575994837353,"max":160.3577548765067},"14":{"dtype":"number","min":715.4100759405839,"max":730.4552722953216},"15":{"dtype":"number","min":150.39003487451265,"max":246.13097073739027},"16":{"dtype":"number","min":447.606285645483,"max":468.1794581125122},"17":{"dtype":"number","min":134.63223998309576,"max":234.25444218150358},"18":{"dtype":"number","min":678.243151956599,"max":774.7880914104379},"19":{"dtype":"number","min":63.779902467485954,"max":187.1013083653143},"20":{"dtype":"number","min":389.4100541678088,"max":427.3627054017422},"21":{"dtype":"number","min":72.13407639174432,"max":170.32536497357756},"22":{"dtype":"number","min":588.0771284493786,"max":605.626258775737},"23":{"dtype":"number","min":280.43497334679194,"max":379.4374676382797},"24":{"dtype":"number","min":502.8125380726121,"max":522.4858887432612},"25":{"dtype":"number","min":279.0402750011541,"max":378.0896257842958},"26":{"dtype":"number","min":591.038096764399,"max":630.1512369077805},"27":{"dtype":"number","min":433.3017009415356,"max":559.4579453496208},"28":{"dtype":"number","min":493.6943533081292,"max":538.0422491776316},"29":{"dtype":"number","min":476.6935231764646,"max":570.4106619018792},"30":{"dtype":"number","min":596.783872459367,"max":659.9702248378106},"31":{"dtype":"number","min":487.6005366810581,"max":690.1957301089637},"32":{"dtype":"number","min":488.86142544811463,"max":545.9913370530275},"33":{"dtype":"number","min":625.925805759244,"max":737.8650568614461}},"outputs":{"0":{"dtype":"string","min":0,"max":1,"uniqueValues":["z","e","y"],"legend":{"z":[1,0,0],"e":[0,1,0],"y":[0,0,1]}}},"isNormalized":true}